qid,audit_scope,error_type,stratum,stratum_population_n,stratum_sample_n,sample_weight,probability,prediction,label,judge_label,judge_true,alias_match,prob_rank_bin_within_error_type,question,response,official_aliases_raw,official_aliases_normalized,human_binary_label,human_score,attribution,notes
550ea8f1b305b40c5c000005,FN_census,FN,FN_alias_false,58,58,1.0,0.4999672896052562,0,1,false,False,False,Q4_high,Pridopidine has been tested for treatment of which disorder?,Essential tremor,Huntington disease,huntington disease,incorrect,incorrect,detector_miss,Response is materially different from the benchmark answer.
5a9d8d691d1251d03b000020,FN_census,FN,FN_alias_false,58,58,1.0,0.49946643219983666,0,1,false,False,False,Q4_high,What is the association of the protein RAB10 and Alzheimers disease?,RAB10 is associated with increased risk and severity of Alzheimer’s disease.,RAB10 may be potential biomarkers of AD,rab10 may be potential biomarkers of ad,correct,acceptable_paraphrase,judge_side_label_error,Faithful restatement of the AD-association / biomarker claim.
5509bd6a1180f13250000002,FN_census,FN,FN_alias_false,58,58,1.0,0.49944445447299196,0,1,false,False,False,Q4_high,What disease is small bowel lymphoma commonly associated with,Crohn’s disease,Celiac disease | gluten-associated enteropathy | CELIAC SPRU | Non tropical spru | Gluten Sensitive Enteropath,celiac disease | gluten associated enteropathy | celiac spru | non tropical spru | gluten sensitive enteropath,incorrect,incorrect,detector_miss,Response is materially different from the benchmark answer.
5e2a080caa19d7443100000a,FN_census,FN,FN_alias_false,58,58,1.0,0.49932309541482495,0,1,false,False,False,Q4_high,Through which molecular pathway does LB-100 reduce hepatic steatosis?,PPARα activation,AMPK/Sirt1 pathway,ampk sirt1 pathway,incorrect,incorrect,detector_miss,Response is materially different from the benchmark answer.
5e7f6971835f4e4777000020,FN_census,FN,FN_alias_false,58,58,1.0,0.4924643224047613,0,1,false,False,False,Q4_high,Which disease is ZP-PTH used for?,Hyperparathyroidism,Osteoporosis,osteoporosis,incorrect,incorrect,detector_miss,Response is materially different from the benchmark answer.
5a75f6e083b0d9ea66000009,FN_census,FN,FN_alias_false,58,58,1.0,0.4919075717909044,0,1,false,False,False,Q4_high,Which data simulator is available for CLIP-SEQ experiments?,CLIP-SEQ Simulator,Cseq-Simulator,cseq simulator,incorrect,incorrect,detector_miss,Response is materially different from the benchmark answer.
660999e7fdcbea915f00001c,FN_census,FN,FN_alias_false,58,58,1.0,0.4892967620039642,0,1,false,False,False,Q4_high,What is the most effective immunotherapy regimen in patients with MSI-H advanced colorectal cancer?,Pembrolizumab with chemotherapy.,Nivolumab plus ipilimumab | Nivolumab in combination with low-dose ipilimumab | Nivolumab plus low-dose ipilimumab | ipilimumab 1 mg/kg once every 3 weeks (four doses) followed by nivolumab | nivolumab 3 mg/kg plus ipilimumab,nivolumab plus ipilimumab | nivolumab in combination with low dose ipilimumab | nivolumab plus low dose ipilimumab | ipilimumab 1 mg kg once every 3 weeks four doses followed by nivolumab | nivolumab 3 mg kg plus ipilimumab,incorrect,incorrect,detector_miss,Response is materially different from the benchmark answer.
6440393157b1c7a31500004a,FN_census,FN,FN_alias_false,58,58,1.0,0.4887831537289583,0,1,false,False,False,Q4_high,Which year was XIPERE approved by the FDA?,2023,2021,2021,incorrect,incorrect,detector_miss,Response is materially different from the benchmark answer.
58da1aa08acda34529000012,FN_census,FN,FN_alias_false,58,58,1.0,0.485599037089633,0,1,false,False,False,Q4_high,Which protein is associated with hyperemesis gravidarum during pregrancy?,Serotonin,Human chorionic gonadotropin | hCG,human chorionic gonadotropin | hcg,incorrect,incorrect,detector_miss,Response is materially different from the benchmark answer.
532f0bd6d6d3ac6a3400002d,FN_census,FN,FN_alias_false,58,58,1.0,0.4855914157967766,0,1,false,False,False,Q4_high,What is the mode of inheritance of Marchesani syndrome?,Autosomal recessive,autosomal dominant or autosomal recessive,autosomal dominant or autosomal recessive,incorrect,incorrect,detector_miss,Response is materially different from the benchmark answer.
5c6bec987c78d69471000033,FN_census,FN,FN_alias_false,58,58,1.0,0.4814802023393627,0,1,false,False,False,Q4_high,What is the most common pediatric glioma?,Astrocytoma,Pilocytic astrocytoma or high grade glioma,pilocytic astrocytoma or high grade glioma,correct,acceptable_paraphrase,judge_side_label_error,"Broader superclass answer, but still names the accepted pediatric glioma family."
5fe31317a43ad31278000044,FN_census,FN,FN_alias_false,58,58,1.0,0.47831017375337637,0,1,false,False,False,Q4_high,The formation of which inflammatory molecule is regulated by MAP3K8 (TPL2)?,NLRP3 inflammasome activation,IL-1β | IL1-beta,il 1β | il1 beta,incorrect,incorrect,detector_miss,Response is materially different from the benchmark answer.
58bde18b02b8c60953000014,FN_census,FN,FN_alias_false,58,58,1.0,0.477424699343407,0,1,false,False,False,Q4_high,What is the function of BAX,To provide immediate feedback to students and teachers during assessments.,bax promotes Apoptosis,bax promotes apoptosis,incorrect,incorrect,detector_miss,Response is materially different from the benchmark answer.
65f774a4c4010b4d78000029,FN_census,FN,FN_alias_false,58,58,1.0,0.47390011686668815,0,1,false,False,False,Q4_high,What type of colorectal cancer screening is the most cost-effective for general population?,Fecal immunochemical test (FIT),Colonoscopy,colonoscopy,incorrect,incorrect,detector_miss,Response is materially different from the benchmark answer.
5c580aff07647bbc4b00001a,FN_census,FN,FN_alias_false,58,58,1.0,0.4707632302761052,0,1,false,False,False,Q4_high,Which ultraconserved element is associated with Embryonic Stem Cells (ESC) self-renewal?,TERC,T-UCstem1,t ucstem1,incorrect,incorrect,detector_miss,Response is materially different from the benchmark answer.
6415c53e690f196b51000012,FN_census,FN,FN_alias_false,58,58,1.0,0.46501212903037226,0,1,false,False,False,Q3,When was Keytruda approved by the FDA for the treatment of metastatic non-small cell lung cancer?,2014,"October 24, 2016",october 24 2016,incorrect,incorrect,detector_miss,Response is materially different from the benchmark answer.
5c5f10791a4c55d80b000014,FN_census,FN,FN_alias_false,58,58,1.0,0.45880745502993137,0,1,false,False,False,Q3,What is the function of PAPOLA/PAP?,To provide a preliminary assessment of potential workplace hazards.,"PolyA polymerase (PAP) adds a polyA tail onto the 3'-end of RNAs without a nucleic acid template, using adenosine-5'-triphosphate (ATP) as a substrate.",polya polymerase pap adds polya tail onto 3 end of rnas without nucleic acid template using adenosine 5 triphosphate atp as substrate,incorrect,incorrect,detector_miss,Response is materially different from the benchmark answer.
56c1f00cef6e39474100003e,FN_census,FN,FN_alias_false,58,58,1.0,0.45338782694345325,0,1,false,False,False,Q3,Aleglitazar is agonist of which receptor?,Peroxisome proliferator-activated receptor gamma (PPARγ),peroxisome proliferator-activated receptor-α/γ,peroxisome proliferator activated receptor α γ,incorrect,incorrect,detector_miss,Response is materially different from the benchmark answer.
5891f9e549702f2e01000002,FN_census,FN,FN_alias_false,58,58,1.0,0.4515119268630002,0,1,false,False,False,Q3,Willis-Ekbom disease is also known as?,Multiple sclerosis,Restless legs syndrome,restless legs syndrome,incorrect,incorrect,detector_miss,Response is materially different from the benchmark answer.
56e2acfe51531f7e33000014,FN_census,FN,FN_alias_false,58,58,1.0,0.4480407094130078,0,1,false,False,False,Q3,During which stage of the cell cycle is cohesin deposited on the yeast genome?,G1 phase,S-phase,s phase,incorrect,incorrect,detector_miss,Response is materially different from the benchmark answer.
54da32bc0f63c58e6e000001,FN_census,FN,FN_alias_false,58,58,1.0,0.43756449994247637,0,1,false,False,False,Q3,Which is the main target of the anti-arrhythmic activity of flecainide?,Ional potassium channels,The sodium channel,sodium channel,incorrect,incorrect,detector_miss,Response is materially different from the benchmark answer.
5540fbce234c5a7c75000001,FN_census,FN,FN_alias_false,58,58,1.0,0.4343654013262815,0,1,false,False,False,Q3,Which autophagy pathway is trigered by the KFERQ motif of cytosolic proteins?,Macroautophagy,chaperone-mediated autophagy (CMA),chaperone mediated autophagy cma,incorrect,incorrect,detector_miss,Response is materially different from the benchmark answer.
58e79e703e8b6dc87c00000a,FN_census,FN,FN_alias_false,58,58,1.0,0.43109154928735327,0,1,false,False,False,Q3,What percentage of rheumatoid arthritis patients are responsive to anti-TNF therapy?,60-80%,50-60%,50 60,incorrect,incorrect,detector_miss,Response is materially different from the benchmark answer.
5544de7a5beec11c10000005,FN_census,FN,FN_alias_false,58,58,1.0,0.4248038388687779,0,1,false,False,False,Q3,In which phase of cell cycle does  stress-induced transcription-associated mutagenesis (TAM) occur?,G2 phase,stationary phase,stationary phase,incorrect,incorrect,detector_miss,Response is materially different from the benchmark answer.
54e0ace81388e8454a000010,FN_census,FN,FN_alias_false,58,58,1.0,0.42318870936421454,0,1,false,False,False,Q3,Is APOBEC3B protein predominantly cytoplasmic or nuclear?,Cytoplasmic, nuclear,nuclear,incorrect,incorrect,detector_miss,Response is materially different from the benchmark answer.
66099a03fdcbea915f00001d,FN_census,FN,FN_alias_false,58,58,1.0,0.417583848796539,0,1,false,False,False,Q3,From what age is it recommended to start population screening for colorectal cancer?,50,45 years old | 45 | 45-50 | 40 to 49,45 years old | 45 | 45 50 | 40 to 49,correct,acceptable_paraphrase,judge_side_label_error,Response picks one accepted lower-bound screening age from the benchmark range.
5e4604d83f54159529000003,FN_census,FN,FN_alias_false,58,58,1.0,0.41399324333652854,0,1,false,False,False,Q3,Which disease was studied in the CADISS trial?,COVID-19,carotid and vertebral artery dissection,carotid and vertebral artery dissection,incorrect,incorrect,detector_miss,Response is materially different from the benchmark answer.
5a87f44061bb38fb2400000f,FN_census,FN,FN_alias_false,58,58,1.0,0.4134701916754184,0,1,false,False,False,Q2,Which disorder has been approved for treatment with Alk inhibitors?,Myelofibrosis,ALK-positive lung cancer,alk positive lung cancer,incorrect,incorrect,detector_miss,Response is materially different from the benchmark answer.
514c3fd7d24251bc05000062,FN_census,FN,FN_alias_false,58,58,1.0,0.40861937091723527,0,1,false,False,False,Q2,Intact macromolecular assemblies are analysed by advanced mass spectrometry. How large complexes (in molecular weight) have been studied?,Up to 10 MDa,2.3 megadalton,2 3 megadalton,incorrect,incorrect,detector_miss,Response is materially different from the benchmark answer.
5aae6499fcf456587200000c,FN_census,FN,FN_alias_false,58,58,1.0,0.4057907744599141,0,1,false,False,False,Q2,What is BORSA?,Borsa Italiana,Borderline oxacillin-resistant Staphylococcus aureus,borderline oxacillin resistant staphylococcus aureus,incorrect,incorrect,detector_miss,Response is materially different from the benchmark answer.
601c4b231cb411341a000020,FN_census,FN,FN_alias_false,58,58,1.0,0.4043788392582611,0,1,false,False,False,Q2,Givosiran is used for treatment of which disease?,Duchenne muscular dystrophy,porphyria,porphyria,incorrect,incorrect,detector_miss,Response is materially different from the benchmark answer.
511a3573df1ebcce7d000018,FN_census,FN,FN_alias_false,58,58,1.0,0.40272826889199964,0,1,false,False,False,Q2,How many tissue kallikrein genes are present in the human genome?,Three,15,15,incorrect,incorrect,detector_miss,Response is materially different from the benchmark answer.
56bc77a3ac7ad10019000015,FN_census,FN,FN_alias_false,58,58,1.0,0.40125279492206134,0,1,false,False,False,Q2,RTS S AS01 vaccine was developed to prevent which disease?,Rubella,malaria,malaria,incorrect,incorrect,detector_miss,Response is materially different from the benchmark answer.
5540b9800083d1bf0e000002,FN_census,FN,FN_alias_false,58,58,1.0,0.40053671286187964,0,1,false,False,False,Q2,Alpha-spectrin and beta-spectrin subunits form parallel or antiparallel heterodimers?,Parallel,antiparallel,antiparallel,incorrect,incorrect,detector_miss,Response is materially different from the benchmark answer.
54cf45e7f693c3b16b00000a,FN_census,FN,FN_alias_false,58,58,1.0,0.396458227659399,0,1,false,False,False,Q2,Which is the main calcium binding protein of the sarcoplasmic reticulum?,Calbindin,Calsequestrin | casq,calsequestrin | casq,incorrect,incorrect,detector_miss,Response is materially different from the benchmark answer.
6026d6891cb411341a0000cc,FN_census,FN,FN_alias_false,58,58,1.0,0.38952145021110446,0,1,false,False,False,Q2,What pathological condition is MK-1602 used for?,Alzheimer’s disease,acute treatment of migraine,acute treatment of migraine,incorrect,incorrect,detector_miss,Response is materially different from the benchmark answer.
5324ce779b2d7acc7e00001e,FN_census,FN,FN_alias_false,58,58,1.0,0.3864701950249602,0,1,false,False,False,Q2,Which drug is considered as the first line treatment of fibromyalgia?,Duloxetine,Pregabalin,pregabalin,incorrect,incorrect,detector_miss,Response is materially different from the benchmark answer.
56c1f01cef6e394741000044,FN_census,FN,FN_alias_false,58,58,1.0,0.37870013212126913,0,1,false,False,False,Q2,What is targeted by Palbociclib?,CDK4 and CDK6,epidermal growth factor receptor,epidermal growth factor receptor,correct,acceptable_paraphrase,benchmark_alias_issue,Benchmark alias appears wrong here; palbociclib targets CDK4/6 rather than EGFR.
60527e8c94d57fd879000012,FN_census,FN,FN_alias_false,58,58,1.0,0.3621968034075362,0,1,false,False,False,Q2,What is the most advanced phase of clinical trial that fingolimod has entered?,Phase III,phase IV,phase iv,incorrect,incorrect,detector_miss,Response is materially different from the benchmark answer.
5c9a6693ecadf2e73f000031,FN_census,FN,FN_alias_false,58,58,1.0,0.36088275038535433,0,1,false,False,False,Q2,What is a mitosome?,A mitosome (also known as an inner mitochondrial membrane folded into tubules),Simple and anaerobic mitochondria.,simple and anaerobic mitochondria,incorrect,incorrect,detector_miss,Response is materially different from the benchmark answer.
58f3c4b970f9fc6f0f00000a,FN_census,FN,FN_alias_false,58,58,1.0,0.35810193658136746,0,1,false,False,False,Q2,"What type of genome, (RNA or DNA, double stranded single stranded) is found in the the virus that causes blue tongue disease?",Double-stranded DNA,"double stranded, segmented RNA",double stranded segmented rna,incorrect,incorrect,detector_miss,Response is materially different from the benchmark answer.
5313058de3eabad02100000e,FN_census,FN,FN_alias_false,58,58,1.0,0.3579587372944482,0,1,false,False,False,Q2,Abnormality in which vertebral region is important in the Bertolotti's syndrome?,Sacral region,lumbosacral,lumbosacral,incorrect,incorrect,detector_miss,Response is materially different from the benchmark answer.
56c1f020ef6e394741000047,FN_census,FN,FN_alias_false,58,58,1.0,0.3467998762959814,0,1,false,False,False,Q1_low,Which disorder is rated by Palmini classification?,Restless Legs Syndrome,focal cortical dysplasia,focal cortical dysplasia,incorrect,incorrect,detector_miss,Response is materially different from the benchmark answer.
56c85ed65795f9a73e000012,FN_census,FN,FN_alias_false,58,58,1.0,0.33180995207059466,0,1,false,False,False,Q1_low,Does dasatinib promote or inhibit T-cell proliferation?,Inhibition,inhibits,inhibits,correct,acceptable_paraphrase,judge_side_label_error,Nominalization of the accepted verb; should count as correct.
5c5312097e3cb0e231000011,FN_census,FN,FN_alias_false,58,58,1.0,0.32778579099623656,0,1,false,False,False,Q1_low,"Where, in what US state, was there a measles outbreak in an Amish community","Lancaster, Pennsylvania",Ohio,ohio,incorrect,incorrect,detector_miss,Response is materially different from the benchmark answer.
56ffdc1ccf1c32585100000b,FN_census,FN,FN_alias_false,58,58,1.0,0.32207982778463007,0,1,false,False,False,Q1_low,Which is the most common editing modification in eukaryotic mRNA?,5′ capping,A-to-I,to i,incorrect,incorrect,detector_miss,Response is materially different from the benchmark answer.
5319ac99b166e2b806000034,FN_census,FN,FN_alias_false,58,58,1.0,0.3197759627332087,0,1,false,False,False,Q1_low,Which is the third subunit of the TSC1-TSC2 complex upstream of mTORC1?,TSC2,TBC1D7,tbc1d7,incorrect,incorrect,detector_miss,Response is materially different from the benchmark answer.
514a0a57d24251bc05000051,FN_census,FN,FN_alias_false,58,58,1.0,0.31668513646051744,0,1,false,False,False,Q1_low,Which drug should be used as an antidote in benzodiazepine overdose?,Naloxone,flumazenil,flumazenil,incorrect,incorrect,detector_miss,Response is materially different from the benchmark answer.
58a1c0f178275d0c4a000056,FN_census,FN,FN_alias_false,58,58,1.0,0.3165541711550407,0,1,false,False,False,Q1_low,When did the polio vaccine becomes available?,1955,1954,1954,correct,acceptable_paraphrase,benchmark_alias_issue,Benchmark year appears off; vaccine availability is conventionally dated to 1955.
56c1f02aef6e39474100004b,FN_census,FN,FN_alias_false,58,58,1.0,0.3156708590469625,0,1,false,False,False,Q1_low,Which interleukin is blocked by Siltuximab?,IL-5,interleukin-6,interleukin 6,incorrect,incorrect,detector_miss,Response is materially different from the benchmark answer.
63f0494cf36125a426000028,FN_census,FN,FN_alias_false,58,58,1.0,0.306534739876836,0,1,false,False,False,Q1_low,Which viral disease can be treated with EDP-938?,COVID-19,Respiratory Syncytial Virus,respiratory syncytial virus,incorrect,incorrect,detector_miss,Response is materially different from the benchmark answer.
644ef78f57b1c7a315000084,FN_census,FN,FN_alias_false,58,58,1.0,0.3012627990028505,0,1,false,False,False,Q1_low,Chromatin is tightly packed into what structure inside the nucleus?,Chromosome,Nucleosome,nucleosome,incorrect,incorrect,detector_miss,Response is materially different from the benchmark answer.
5545e65bd355485447000001,FN_census,FN,FN_alias_false,58,58,1.0,0.2988114434334628,0,1,false,False,False,Q1_low,Patients of which disease could be treated by utilizing knowledge obtained from experiments suppressing TDP-43 toxicity in yeast?,Alzheimer's disease,Amyotrophic lateral sclerosis (ALS),amyotrophic lateral sclerosis als,incorrect,incorrect,detector_miss,Response is materially different from the benchmark answer.
603534671cb411341a000153,FN_census,FN,FN_alias_false,58,58,1.0,0.24376961606264802,0,1,false,False,False,Q1_low,What is the msDNA?,Mitochondrial DNA,"msDNA is actually a complex of DNA, RNA, and probably protein.",msdna is actually complex of dna rna and probably protein,incorrect,incorrect,detector_miss,Response is materially different from the benchmark answer.
58b6bd2622d300530900000c,FN_census,FN,FN_alias_false,58,58,1.0,0.22376772611407794,0,1,false,False,False,Q1_low,Which ApoE isoform is associated with hyperlipoproteinemia?,ApoE4,ApoE2 isoform | Apolipoprotein E2 isoform,apoe2 isoform | apolipoprotein e2 isoform,incorrect,incorrect,detector_miss,Response is materially different from the benchmark answer.
554356d0ed966d112c000005,FN_census,FN,FN_alias_false,58,58,1.0,0.22145906574052007,0,1,false,False,False,Q1_low,"Which is the most common measure of differences between dinucleotide relative abundance ""genomic signatures""",Jensen-Shannon Divergence,delta-distance,delta distance,incorrect,incorrect,detector_miss,Response is materially different from the benchmark answer.
58f0b1d670f9fc6f0f000007,FN_census,FN,FN_alias_false,58,58,1.0,0.21819879683623772,0,1,false,False,False,Q1_low,What is a miR?,MicroRNA,MiRs are small (~23 nt) noncoding RNAs,mirs are small 23 nt noncoding rnas,correct,acceptable_paraphrase,judge_side_label_error,Faithful short answer to what a miR is.
61f95f9f882a024a1000004e,FN_census,FN,FN_alias_false,58,58,1.0,0.20304293499541112,0,1,false,False,False,Q1_low,Which disorder is caused by biallelic mutations in G-Protein coupled receptor kinase 1 (GRK1)?,Bardet-Biedl syndrome,Oguchi disease,oguchi disease,incorrect,incorrect,detector_miss,Response is materially different from the benchmark answer.
606ad07394d57fd879000050,FN_census,FN,FN_alias_true,4,4,1.0,0.4755168905606473,0,1,false,False,True,Q4_high,What is the prevalence of poor metabolizers of CYP2C19 among Southern Asians compared to East Asians?,Southern Asians have a significantly higher prevalence of CYP2C19 poor metabolizer genotypes compared to East Asians.,higher,higher,correct,exact_alias,judge_side_label_error,Response directly states the accepted comparison: higher.
5caa06d0ecadf2e73f000056,FN_census,FN,FN_alias_true,4,4,1.0,0.4613676976844995,0,1,false,False,True,Q3,"Where in the body, is ghrelin secreted?",Stomach and hypothalamus,stomach,stomach,correct,acceptable_paraphrase,judge_side_label_error,Includes the canonical secretion site plus extra detail; should still count as correct.
5d36a9507bc3fee31f000005,FN_census,FN,FN_alias_true,4,4,1.0,0.45332616635442347,0,1,false,False,True,Q3,Which cells mature in the human thymus?,T cells and B cells,T-cells | T-lymphocytes,t cells | t lymphocytes,incorrect,incorrect,detector_miss,"Adds B cells, which do not mature in the thymus."
5880b073c872c95565000003,FN_census,FN,FN_alias_true,4,4,1.0,0.4338978864498982,0,1,false,False,True,Q3,Andexanet Alfa is an antidote of which clotting factor inhibitors?,Factor Xa and Factor IIa (thrombin),Factor Xa | Xa,factor xa | xa,incorrect,incorrect,detector_miss,"Adds factor IIa / thrombin, which is not the accepted target class."
54d6562c3706e8952800000b,FP_random_sample,FP,FP_alias_false,166,75,2.2133333333333334,0.8400366171151414,1,0,true,True,False,Q4_high,Which is the enzymatic activity of the myotubularin family of proteins?,Phospholipid hydrolysis,lipid inositol phosphatase activity,lipid inositol phosphatase activity,incorrect,incorrect,judge_side_label_error,Too broad; misses the inositol-phosphatase specificity.
606b648394d57fd879000069,FP_random_sample,FP,FP_alias_false,166,75,2.2133333333333334,0.818913985288882,1,0,true,True,False,Q4_high,What is the origin of  HEp-2 cells?,Human epithelial cells from larynx carcinoma.,human larynx epidermoid carcinoma cell line,human larynx epidermoid carcinoma cell line,correct,acceptable_paraphrase,detector_verbosity_bias,Semantically faithful but broader or more paraphrastic than the alias string.
5ab90a79fcf456587200001b,FP_random_sample,FP,FP_alias_false,166,75,2.2133333333333334,0.814802909236719,1,0,true,True,False,Q4_high,What drug treatment can cause a spinal epidural hematoma?,Heparin,Anticoagulant therapy,anticoagulant therapy,correct,acceptable_paraphrase,detector_verbosity_bias,Semantically faithful but broader or more paraphrastic than the alias string.
514a0f4ad24251bc05000053,FP_random_sample,FP,FP_alias_false,166,75,2.2133333333333334,0.7829241927382619,1,0,true,True,False,Q4_high,How many genes are in the gene signature screened by MammaPrint?,70,70 genes,70 genes,correct,exact_alias,detector_false_positive,Numeric answer is directly correct; alias only adds the word genes.
640c85e9201352f04a000026,FP_random_sample,FP,FP_alias_false,166,75,2.2133333333333334,0.7758020349264673,1,0,true,True,False,Q4_high,What cells proliferate in Mantle Cell Lymphoma,Small B-cell lymphocytes,B cells,b cells,correct,acceptable_paraphrase,detector_verbosity_bias,Semantically faithful but broader or more paraphrastic than the alias string.
63f03fc8f36125a426000021,FP_random_sample,FP,FP_alias_false,166,75,2.2133333333333334,0.7571043483271038,1,0,true,True,False,Q4_high,What disease can be treated with Lenacapavir?,HIV,HIV-1,hiv 1,correct,acceptable_paraphrase,detector_verbosity_bias,Semantically faithful but broader or more paraphrastic than the alias string.
623e02e0f0baec9a1b000005,FP_random_sample,FP,FP_alias_false,166,75,2.2133333333333334,0.7449263265274904,1,0,true,True,False,Q4_high,What is the KDEL retention signal?,KDEL (Lys-Asp-Glu-Leu),ER retention sequence (KDEL),er retention sequence kdel,correct,acceptable_paraphrase,detector_verbosity_bias,Semantically faithful but broader or more paraphrastic than the alias string.
535d2cf09a4572de6f000004,FP_random_sample,FP,FP_alias_false,166,75,2.2133333333333334,0.7272688447652879,1,0,true,True,False,Q4_high,What is the number of long non coding RNAs in the human genome,"Approximately 16,000","between 10,000 and 20,000",between 10 000 and 20 000,correct,acceptable_paraphrase,detector_verbosity_bias,Semantically faithful but broader or more paraphrastic than the alias string.
553653a5bc4f83e828000007,FP_random_sample,FP,FP_alias_false,166,75,2.2133333333333334,0.7204968907340701,1,0,true,True,False,Q4_high,Which technique is used for detection of EWS/FLI1 fusion transcripts?,RT-PCR with exon junction analysis,Reverse transcription - polymerase chain reaction (RT-PCR),reverse transcription polymerase chain reaction rt pcr,correct,acceptable_paraphrase,detector_verbosity_bias,Semantically faithful but broader or more paraphrastic than the alias string.
5e5e508b1af46fc13000000c,FP_random_sample,FP,FP_alias_false,166,75,2.2133333333333334,0.7183458373120665,1,0,true,True,False,Q4_high,What does Retapamulin treat?,Impetigo and bacterial skin infections,bacterial infections,bacterial infections,correct,acceptable_paraphrase,detector_verbosity_bias,Semantically faithful but broader or more paraphrastic than the alias string.
56c3320a50c68dd416000008,FP_random_sample,FP,FP_alias_false,166,75,2.2133333333333334,0.7012002797358942,1,0,true,True,False,Q4_high,What is the incidence of cystic fibrosis in the caucasian population?,"1 in 2,500 to 1 in 3,500 live births",1:2000,1 2000,correct,acceptable_paraphrase,benchmark_alias_issue,Benchmark alias is narrower than the commonly accepted incidence range given in the response.
56af9f130a360a5e45000015,FP_random_sample,FP,FP_alias_false,166,75,2.2133333333333334,0.6907722678225289,1,0,true,True,False,Q4_high,Where is the protein Pannexin1 located?,"Cell membranes, particularly in epithelial and endothelial cells.",plasma membrane,plasma membrane,correct,acceptable_paraphrase,detector_verbosity_bias,Semantically faithful but broader or more paraphrastic than the alias string.
5c8fe7cb0101eac87000000c,FP_random_sample,FP,FP_alias_false,166,75,2.2133333333333334,0.6890961801451568,1,0,true,True,False,Q4_high,What does RUNX2 stand for?,Runt-related transcription factor 2,Runt related factor-2,runt related factor 2,correct,acceptable_paraphrase,detector_verbosity_bias,Semantically faithful but broader or more paraphrastic than the alias string.
5c929094ecadf2e73f000019,FP_random_sample,FP,FP_alias_false,166,75,2.2133333333333334,0.680473759752562,1,0,true,True,False,Q4_high,What happens to retrotransposons during ageing?,"Their activity increases, and their copy number expands.",Activation,activation,correct,acceptable_paraphrase,detector_verbosity_bias,Semantically faithful but broader or more paraphrastic than the alias string.
531e2695267d7dd05300000f,FP_random_sample,FP,FP_alias_false,166,75,2.2133333333333334,0.6792999974762134,1,0,true,True,False,Q4_high,What is the localization of the protein encoded by the gene DNAJC11?,Inner mitochondrial membrane,mitochondrial inner membrane,mitochondrial inner membrane,correct,acceptable_paraphrase,detector_verbosity_bias,Semantically faithful but broader or more paraphrastic than the alias string.
6237a8343a8413c6530000b2,FP_random_sample,FP,FP_alias_false,166,75,2.2133333333333334,0.6692185827843633,1,0,true,True,False,Q4_high,Which protein family is epiregulin a member of?,Epidermal growth factor (EGF) family,epidermal growth factor family,epidermal growth factor family,correct,acceptable_paraphrase,detector_verbosity_bias,Semantically faithful but broader or more paraphrastic than the alias string.
5a8941c5bc7bade53a000002,FP_random_sample,FP,FP_alias_false,166,75,2.2133333333333334,0.6675524505941994,1,0,true,True,False,Q4_high,Which aminoacid position in the human CREB protein is phosphorylated?,Serine 133,Ser133,ser133,correct,exact_alias,detector_false_positive,Direct phosphorylation-site answer.
6237a8a33a8413c6530000b3,FP_random_sample,FP,FP_alias_false,166,75,2.2133333333333334,0.6609479284327916,1,0,true,True,False,Q4_high,What is amphiregulin a ligand of?,ErbB receptors,epidermal growth factor receptor,epidermal growth factor receptor,incorrect,incorrect,judge_side_label_error,Broader receptor-family answer; the accepted target is EGFR specifically.
6451007857b1c7a315000093,FP_random_sample,FP,FP_alias_false,166,75,2.2133333333333334,0.6550108839468776,1,0,true,True,False,Q4_high,What is the cause of Leigh syndrome?,Genetic mutations.,"pyruvate dehydrogenase complex, and respiratory chain complexes I, II, III, IV, V defects | defects of mitochondrial enzyme complexes | mitochondrial DNA mutations | nuclear DNA mutations",pyruvate dehydrogenase complex and respiratory chain complexes i ii iii iv v defects | defects of mitochondrial enzyme complexes | mitochondrial dna mutations | nuclear dna mutations,incorrect,incorrect,judge_side_label_error,Too generic; does not answer the specific defect classes named in the benchmark.
550af222c2af5d5b7000000b,FP_random_sample,FP,FP_alias_false,166,75,2.2133333333333334,0.6534890384746971,1,0,true,True,False,Q3,Which is the E3 ubiquitin ligase which ubiquitinates IkB leading to its proteasomal degradation?,β-TrCP,SCF(β-TrCP) | SCF beta-transducin repeat-containing protein (beta-TrCP) | beta-Trcp,scf β trcp | scf beta transducin repeat containing protein beta trcp | beta trcp,incorrect,incorrect,judge_side_label_error,Names the substrate adaptor rather than the full SCF(beta-TrCP) ligase complex.
5e776cfe835f4e4777000010,FP_random_sample,FP,FP_alias_false,166,75,2.2133333333333334,0.6512520766222807,1,0,true,True,False,Q3,When was Afrezza approved by the FDA?,2014,June 2014,june 2014,correct,exact_alias,detector_false_positive,"Month detail omitted, but the year answer is still accepted."
58bca08702b8c6095300000a,FP_random_sample,FP,FP_alias_false,166,75,2.2133333333333334,0.6487383984483275,1,0,true,True,False,Q3,What is Dravet syndrome?,"Dravet syndrome is a rare, severe form of epilepsy that begins in infancy and is characterized by prolonged seizures, developmental delays, and cognitive impairment.",A severe epilepsy of chidhood,severe epilepsy of chidhood,correct,acceptable_paraphrase,detector_verbosity_bias,Semantically faithful but broader or more paraphrastic than the alias string.
58efa1b870f9fc6f0f000003,FP_random_sample,FP,FP_alias_false,166,75,2.2133333333333334,0.6474310582829631,1,0,true,True,False,Q3,"What is a ""chemobrain""?","Chemobrain is a term describing cognitive difficulties experienced by cancer patients and survivors, often attributed to chemotherapy.","The term ""chemobrain"" is sometimes used to denote deficits in neuropsychological functioning that may occur as a result of cancer treatment.",term chemobrain is sometimes used to denote deficits in neuropsychological functioning that may occur as result of cancer treatment,correct,acceptable_paraphrase,detector_verbosity_bias,Semantically faithful but broader or more paraphrastic than the alias string.
5a88370c61bb38fb24000014,FP_random_sample,FP,FP_alias_false,166,75,2.2133333333333334,0.6453898388431164,1,0,true,True,False,Q3,What is the function of the gene MDA5?,"Detects cytosolic double-stranded RNA, triggering an antiviral response.","Sensing of non-self RNAs, especially viral RNA",sensing of non self rnas especially viral rna,correct,acceptable_paraphrase,detector_verbosity_bias,Semantically faithful but broader or more paraphrastic than the alias string.
52f21e8f2059c6d71c00000c,FP_random_sample,FP,FP_alias_false,166,75,2.2133333333333334,0.6435788109393299,1,0,true,True,False,Q3,What is the most probable defect underlying triple negative breast cancer?,Loss of BRCA1/2 function,BRCA1 dysfunction,brca1 dysfunction,incorrect,incorrect,judge_side_label_error,Broadens BRCA1 to BRCA1/2 and changes the benchmark answer materially.
603219c21cb411341a000133,FP_random_sample,FP,FP_alias_false,166,75,2.2133333333333334,0.6412178559191661,1,0,true,True,False,Q3,What is vesiduction?,Vesiduction,'Vesiduction' as a fourth mode of intercellular DNA transfer.,vesiduction as fourth mode of intercellular dna transfer,correct,exact_alias,detector_false_positive,The response directly gives the named term asked for.
56c58f1b5795f9a73e000001,FP_random_sample,FP,FP_alias_false,166,75,2.2133333333333334,0.6353166874902055,1,0,true,True,False,Q3,Which species of bacteria did the mitochondria originate from?,Rickettsiales,Biologists agree that the ancestor of mitochondria was an alpha-proteobacterium.,biologists agree that ancestor of mitochondria was alpha proteobacterium,correct,acceptable_paraphrase,detector_verbosity_bias,Semantically faithful but broader or more paraphrastic than the alias string.
6026f0251cb411341a0000d6,FP_random_sample,FP,FP_alias_false,166,75,2.2133333333333334,0.6334958962460048,1,0,true,True,False,Q3,What is the route of administration of eptinezumab?,Intravenous infusion,Intravenously,intravenously,correct,acceptable_paraphrase,detector_verbosity_bias,Semantically faithful but broader or more paraphrastic than the alias string.
515df063298dcd4e51000029,FP_random_sample,FP,FP_alias_false,166,75,2.2133333333333334,0.6334766393868217,1,0,true,True,False,Q3,What is the indication for prophylactic use of antibiotics in COPD?,To reduce exacerbations.,Reduction of number of exacerbations,reduction of number of exacerbations,correct,acceptable_paraphrase,detector_verbosity_bias,Semantically faithful but broader or more paraphrastic than the alias string.
57136a7e1174fb1755000006,FP_random_sample,FP,FP_alias_false,166,75,2.2133333333333334,0.632782151787013,1,0,true,True,False,Q3,How early during pregnancy does non-invasive cffDNA testing allow sex determination of the fetus?,As early as 9 weeks.,6th to 10th week of gestation | first trimester of pregnancy,6th to 10th week of gestation | first trimester of pregnancy,correct,acceptable_paraphrase,detector_verbosity_bias,Semantically faithful but broader or more paraphrastic than the alias string.
623dfd2ef0baec9a1b000004,FP_random_sample,FP,FP_alias_false,166,75,2.2133333333333334,0.6254430872470891,1,0,true,True,False,Q3,What is the function of the protein calreticulin?,"Calreticulin acts as a calcium-binding chaperone protein, involved in protein folding, quality control, and apoptosis.",chaperone and Ca2+ buffer to assist correct protein folding within the ER,chaperone and ca2 buffer to assist correct protein folding within er,correct,acceptable_paraphrase,detector_verbosity_bias,Semantically faithful but broader or more paraphrastic than the alias string.
6252f496e764a53204000020,FP_random_sample,FP,FP_alias_false,166,75,2.2133333333333334,0.6119520018333215,1,0,true,True,False,Q3,What is the gene ABCG1 encoding?,ATP-binding cassette transporter G1,ATP binding cassette (ABC) transporter,atp binding cassette abc transporter,correct,exact_alias,detector_false_positive,Correct gene-expansion answer stated more compactly than the alias sentence.
56d3346cf22319765a000008,FP_random_sample,FP,FP_alias_false,166,75,2.2133333333333334,0.607005651142083,1,0,true,True,False,Q3,What is situs inversus?,Situs inversus is a rare congenital condition in which the digestive and thoracic organs are mirrored from their normal positions.,Situs inversus totalis is a rare congenital anomaly with a complete mirror image of the thoracic and abdominal organs.,situs inversus totalis is rare congenital anomaly with complete mirror image of thoracic and abdominal organs,correct,acceptable_paraphrase,detector_verbosity_bias,Semantically faithful but broader or more paraphrastic than the alias string.
58bc363622d300530900001f,FP_random_sample,FP,FP_alias_false,166,75,2.2133333333333334,0.6060161997667722,1,0,true,True,False,Q3,Where is Akkermansia muciniphila found?,"Human gut, animal gut",Akkermansia muciniphila resides in the gastrointestinal tracts of humans and animals.,akkermansia muciniphila resides in gastrointestinal tracts of humans and animals,correct,acceptable_paraphrase,detector_verbosity_bias,Semantically faithful but broader or more paraphrastic than the alias string.
58a8045860087bc10a000035,FP_random_sample,FP,FP_alias_false,166,75,2.2133333333333334,0.6052995498985494,1,0,true,True,False,Q3,What is trichotillomania?,"Trichotillomania is a mental disorder characterized by the recurrent urge to pull out one’s own hair, leading to noticeable hair loss.",Trichotillomania is a hair pulling disorder.,trichotillomania is hair pulling disorder,correct,acceptable_paraphrase,detector_verbosity_bias,Semantically faithful but broader or more paraphrastic than the alias string.
56b397a98525abca1e000003,FP_random_sample,FP,FP_alias_false,166,75,2.2133333333333334,0.6005335505272641,1,0,true,True,False,Q3,What is the lipid droplet used for in the cell?,Energy storage and cellular signaling.,lipid storage and lipid mobilization,lipid storage and lipid mobilization,correct,acceptable_paraphrase,detector_verbosity_bias,Semantically faithful but broader or more paraphrastic than the alias string.
5a9e2386de7cb99d40000004,FP_random_sample,FP,FP_alias_false,166,75,2.2133333333333334,0.5995973259906937,1,0,true,True,False,Q3,What is the drug forxiga used for?,Type 2 diabetes and heart failure.,Treatment of patients with type 2 diabetes.,treatment of patients with type 2 diabetes,correct,acceptable_paraphrase,detector_verbosity_bias,Semantically faithful but broader or more paraphrastic than the alias string.
534eb34b288f4dae47000002,FP_random_sample,FP,FP_alias_false,166,75,2.2133333333333334,0.5988123568947347,1,0,true,True,False,Q3,"In which process Src, Cortactin and MT1-MMP are playing an essential role?",Invadopod formation,"Src, Cortactin and MT1-MMP play an essential role in the formation and function of invadopodia.",src cortactin and mt1 mmp play essential role in formation and function of invadopodia,correct,acceptable_paraphrase,detector_verbosity_bias,Semantically faithful but broader or more paraphrastic than the alias string.
5178d6be8ed59a060a000038,FP_random_sample,FP,FP_alias_false,166,75,2.2133333333333334,0.592708250716686,1,0,true,True,False,Q2,What is a popular mesaure of gene expression in RNA-seq experiments?,Read counts per kilobase per million mapped reads (RPKM),Reads Per Kilobase per Million mapped reads (RPKM),reads per kilobase per million mapped reads rpkm,correct,acceptable_paraphrase,detector_verbosity_bias,Semantically faithful but broader or more paraphrastic than the alias string.
5fdb2e23a43ad3127800000a,FP_random_sample,FP,FP_alias_false,166,75,2.2133333333333334,0.588709359038563,1,0,true,True,False,Q2,What is marked by DNaseI hypersensitive sites?,Gene promoters,sites of transcriptional regulation | gene regulatory sites | transcriptional regulation binding sites | cis-regulatory elements,sites of transcriptional regulation | gene regulatory sites | transcriptional regulation binding sites | cis regulatory elements,incorrect,incorrect,judge_side_label_error,Gene promoters are only a subset of the regulatory sites marked by DHSs.
58f4b2f070f9fc6f0f000012,FP_random_sample,FP,FP_alias_false,166,75,2.2133333333333334,0.5854825030448257,1,0,true,True,False,Q2,What is the indication for Mirabegron?,Overactive bladder (OAB) associated with urge incontinence.,OverActive Bladder syndrome,overactive bladder syndrome,correct,acceptable_paraphrase,detector_verbosity_bias,Semantically faithful but broader or more paraphrastic than the alias string.
60490c421cb411341a000166,FP_random_sample,FP,FP_alias_false,166,75,2.2133333333333334,0.5851034327234075,1,0,true,True,False,Q2,How is the STING protein activated?,Binding to dsDNA.,By intracellular DNA,by intracellular dna,incorrect,incorrect,judge_side_label_error,STING is not directly activated by dsDNA in the way the response states.
5e46e74e3f5415952900000b,FP_random_sample,FP,FP_alias_false,166,75,2.2133333333333334,0.5839496979806705,1,0,true,True,False,Q2,What is the cause of the disease Xeroderma Pigmentosum?,Deficiency in nucleotide excision repair.,"Defective NER, such as mutated ERCC1 or ERCC$ genes",defective ner such as mutated ercc1 or ercc genes,correct,acceptable_paraphrase,detector_verbosity_bias,Semantically faithful but broader or more paraphrastic than the alias string.
58cd90c202b8c60953000040,FP_random_sample,FP,FP_alias_false,166,75,2.2133333333333334,0.5832947556646543,1,0,true,True,False,Q2,What is the role of IL-18BP?,IL-18BP inhibits IL-18 activity and signaling.,IL-18 binding protein (IL-18BP) is a natural inhibitor of IL-18. The balance between IL-18 and IL-18BP has an important role in the inflammatory setting.,il 18 binding protein il 18bp is natural inhibitor of il 18 balance between il 18 and il 18bp has important role in inflammatory setting,correct,acceptable_paraphrase,detector_verbosity_bias,Semantically faithful but broader or more paraphrastic than the alias string.
531a34d5b166e2b806000036,FP_random_sample,FP,FP_alias_false,166,75,2.2133333333333334,0.5827988434046151,1,0,true,True,False,Q2,Which gene is required for the efficient function of clopidogrel?,CYP2C19,"cytochrome P450, CYPC19",cytochrome p450 cypc19,correct,exact_alias,detector_false_positive,Direct gene-symbol answer; alias wording is noisy.
56d06e043975bb303a000011,FP_random_sample,FP,FP_alias_false,166,75,2.2133333333333334,0.5804262946730326,1,0,true,True,False,Q2,In which breast cancer patients can palbociclib be used?,"Patients with HR-positive, HER2-negative advanced or metastatic breast cancer who have progressed after prior endocrine therapy.","hormone receptor-positive, human epidermal growth factor receptor 2-negative",hormone receptor positive human epidermal growth factor receptor 2 negative,correct,acceptable_paraphrase,detector_verbosity_bias,Semantically faithful but broader or more paraphrastic than the alias string.
6049173d1cb411341a00016b,FP_random_sample,FP,FP_alias_false,166,75,2.2133333333333334,0.5762043602941688,1,0,true,True,False,Q2,When is the drug Ivermectin used?,"Treatment of parasitic infections in humans and animals, and, controversially, for potential treatment of COVID-19.",Ivermectin is used to treat parasitic diseases,ivermectin is used to treat parasitic diseases,correct,acceptable_paraphrase,detector_verbosity_bias,Semantically faithful but broader or more paraphrastic than the alias string.
5c7aae9dd774d0424000000a,FP_random_sample,FP,FP_alias_false,166,75,2.2133333333333334,0.5756546204949109,1,0,true,True,False,Q2,What is the function of the protein encoded by the gene STING?,Recognition of cytosolic DNA and activation of innate immune responses.,activation of type I interferons,activation of type i interferons,correct,acceptable_paraphrase,detector_verbosity_bias,Semantically faithful but broader or more paraphrastic than the alias string.
5a70ce82b750ff4455000065,FP_random_sample,FP,FP_alias_false,166,75,2.2133333333333334,0.574869395100375,1,0,true,True,False,Q2,What is the mode of action of the drug Prolia?,"Prolia inhibits osteoclast activity, reducing bone resorption.",Anti-RANKL antibody which prevents bone catabolism in osteoporosis,anti rankl antibody which prevents bone catabolism in osteoporosis,correct,acceptable_paraphrase,detector_verbosity_bias,Semantically faithful but broader or more paraphrastic than the alias string.
58a342e760087bc10a00001c,FP_random_sample,FP,FP_alias_false,166,75,2.2133333333333334,0.5739307573607169,1,0,true,True,False,Q2,Can you define iatrogenic disease?,Iatrogenic disease is a condition caused by medical examination or treatment.,illness caused by treatment,illness caused by treatment,correct,acceptable_paraphrase,detector_verbosity_bias,Semantically faithful but broader or more paraphrastic than the alias string.
515dd3d5298dcd4e5100001c,FP_random_sample,FP,FP_alias_false,166,75,2.2133333333333334,0.5720297841609706,1,0,true,True,False,Q2,In what proportion of children with heart failure has Enalapril been shown to be safe and effective?,Approximately 60%,50% to 80%,50 to 80,correct,acceptable_paraphrase,detector_verbosity_bias,Semantically faithful but broader or more paraphrastic than the alias string.
56c868a95795f9a73e000017,FP_random_sample,FP,FP_alias_false,166,75,2.2133333333333334,0.571574810548468,1,0,true,True,False,Q2,What is the application of the Bimolecular Fluorescence Complementation (BiFC) assay in Drosophila embryos?,Detection of protein-protein interactions in Drosophila embryos.,The study of protein-protein interactions in a physiologically relevant developing context.,study of protein protein interactions in physiologically relevant developing context,correct,acceptable_paraphrase,detector_verbosity_bias,Semantically faithful but broader or more paraphrastic than the alias string.
53035d7c2059c6d71c000085,FP_random_sample,FP,FP_alias_false,166,75,2.2133333333333334,0.5600755899147143,1,0,true,True,False,Q2,What is commotio cordis?,Commotio cordis is a sudden cardiac arrest caused by blunt trauma to the chest at a critical point in the heart’s electrical cycle.,blunt thoracic impact causing sudden death,blunt thoracic impact causing sudden death,correct,acceptable_paraphrase,detector_verbosity_bias,Semantically faithful but broader or more paraphrastic than the alias string.
622dfb133a8413c6530000a8,FP_random_sample,FP,FP_alias_false,166,75,2.2133333333333334,0.558017691402323,1,0,true,True,False,Q2,What is the drug  gantenerumab targeting?,Amyloid plaques,"Gantenerumab significantly reduced amyloid plaques, cerebrospinal fluid total tau, and phospho-tau181 and attenuated increases of neurofilament light chain.",gantenerumab significantly reduced amyloid plaques cerebrospinal fluid total tau and phospho tau181 and attenuated increases of neurofilament light chain,correct,acceptable_paraphrase,benchmark_alias_issue,"Benchmark alias answers a downstream effect, while the question asks for the drug target."
6032899c1cb411341a000144,FP_random_sample,FP,FP_alias_false,166,75,2.2133333333333334,0.5538268236907941,1,0,true,True,False,Q2,Where are integrins localized in a cell?,Cell membrane,transmembrane,transmembrane,correct,acceptable_paraphrase,detector_verbosity_bias,Semantically faithful but broader or more paraphrastic than the alias string.
54db62a3034aea571d000001,FP_random_sample,FP,FP_alias_false,166,75,2.2133333333333334,0.5534091046401033,1,0,true,True,False,Q2,Which is the main calcium pump of the sarcoplasmic reticulum?,Ca²⁺-ATPase,Sarcoplasmic reticulum Ca(2+)-ATPase | SERCA | serca2,sarcoplasmic reticulum ca 2 atpase | serca | serca2,correct,acceptable_paraphrase,detector_verbosity_bias,Semantically faithful but broader or more paraphrastic than the alias string.
65cfa22b1930410b1300000c,FP_random_sample,FP,FP_alias_false,166,75,2.2133333333333334,0.5498072464131264,1,0,true,True,False,Q2,What is the target of Selpercatinib?,RET kinase,rearranged during transfection (RET) kinase,rearranged during transfection ret kinase,correct,exact_alias,detector_false_positive,Direct kinase-target answer.
56d04a533975bb303a000010,FP_random_sample,FP,FP_alias_false,166,75,2.2133333333333334,0.5492102062378413,1,0,true,True,False,Q2,What is dovitinib?,Dovitinib is a tyrosine kinase inhibitor used to treat advanced renal cell carcinoma.,tyrosine kinase receptor inhibitor,tyrosine kinase receptor inhibitor,correct,acceptable_paraphrase,detector_verbosity_bias,Semantically faithful but broader or more paraphrastic than the alias string.
5fdb41b6a43ad3127800001d,FP_random_sample,FP,FP_alias_false,166,75,2.2133333333333334,0.5467765321921193,1,0,true,True,False,Q2,Which type of analysis does DeSeq2 perform?,Differential gene expression analysis,differential analysis of RNASeq data,differential analysis of rnaseq data,correct,exact_alias,detector_false_positive,Direct method answer.
5aacd487fcf4565872000007,FP_random_sample,FP,FP_alias_false,166,75,2.2133333333333334,0.5430393467063018,1,0,true,True,False,Q2,Which human gene encode for DNA polymerase θ?,POLQ,DNA polymerase theta (pol θ) is an evolutionarily conserved protein encoded by the POLQ gene in mammalian genomes,dna polymerase theta pol θ is evolutionarily conserved protein encoded by polq gene in mammalian genomes,correct,exact_alias,detector_false_positive,Direct gene-symbol answer.
5a9d29571d1251d03b000018,FP_random_sample,FP,FP_alias_false,166,75,2.2133333333333334,0.537694347994348,1,0,true,True,False,Q1_low,What effect does azeliragon have on RAGE?,Azeliragon reduces RAGE expression and signaling.,Inhibitory,inhibitory,correct,acceptable_paraphrase,detector_verbosity_bias,Semantically faithful but broader or more paraphrastic than the alias string.
5e5bafa01af46fc130000002,FP_random_sample,FP,FP_alias_false,166,75,2.2133333333333334,0.5360915554195842,1,0,true,True,False,Q1_low,What is the function of a viral peplomer?,To mediate viral attachment to host cells.,attachment and fusion during viral entry as well as for the induction of cell to cell fusion.,attachment and fusion during viral entry as well as for induction of cell to cell fusion,correct,acceptable_paraphrase,detector_verbosity_bias,Semantically faithful but broader or more paraphrastic than the alias string.
5e639a0a1af46fc130000010,FP_random_sample,FP,FP_alias_false,166,75,2.2133333333333334,0.5306530059069138,1,0,true,True,False,Q1_low,HER-2 belongs to what family of proteins?,Epidermal growth factor receptor (EGFR),Epidermal growth factor receptor family,epidermal growth factor receptor family,incorrect,incorrect,judge_side_label_error,Names one receptor rather than the receptor family asked for.
58a8903b38c171fb5b000006,FP_random_sample,FP,FP_alias_false,166,75,2.2133333333333334,0.5282364084466246,1,0,true,True,False,Q1_low,What is the effect of nocodazole cell treatment?,"Cell cycle arrest at the G2/M checkpoint, inhibition of microtubule polymerization, and ultimately cell death.",Mitotic arrest,mitotic arrest,correct,acceptable_paraphrase,detector_verbosity_bias,Semantically faithful but broader or more paraphrastic than the alias string.
644640de57b1c7a31500006b,FP_random_sample,FP,FP_alias_false,166,75,2.2133333333333334,0.5218926144743039,1,0,true,True,False,Q1_low,What is the cause of Spinal Muscular Atrophy (SMA)?,Genetic mutations in the SMN1 gene.,mutations in SMN1 (encoding survival motor neuron protein (SMN)) | Reduced expression of SMN | Loss or deletion of survival motor neuron 1 gene (SMN1) | defects in the survival motor neuron 1 (SMN1) gene | loss of the SMN1 gene | loss of the SMN1 gene in most cases or mutations in rare cases,mutations in smn1 encoding survival motor neuron protein smn | reduced expression of smn | loss or deletion of survival motor neuron 1 gene smn1 | defects in survival motor neuron 1 smn1 gene | loss of smn1 gene | loss of smn1 gene in most cases or mutations in rare cases,correct,acceptable_paraphrase,detector_verbosity_bias,Semantically faithful but broader or more paraphrastic than the alias string.
65f494d7c4010b4d78000013,FP_random_sample,FP,FP_alias_false,166,75,2.2133333333333334,0.521730295130223,1,0,true,True,False,Q1_low,What is the relationship between  Electroporation (EP) and DNA vaccines?,"Electroporation enhances DNA vaccine delivery by creating temporary pores in cell membranes, facilitating DNA entry.",increase immunogenicity of the vaccine,increase immunogenicity of vaccine,correct,acceptable_paraphrase,detector_verbosity_bias,Semantically faithful but broader or more paraphrastic than the alias string.
58bc8e7a02b8c60953000007,FP_random_sample,FP,FP_alias_false,166,75,2.2133333333333334,0.5176278499799296,1,0,true,True,False,Q1_low,What is plantar fasciitis,"Inflammation of the plantar fascia, a thick band of tissue on the bottom of the foot.",heel pain,heel pain,correct,acceptable_paraphrase,benchmark_alias_issue,Benchmark alias names a symptom; the response correctly defines the condition.
6415c252690f196b51000011,FP_random_sample,FP,FP_alias_false,166,75,2.2133333333333334,0.5130878402944002,1,0,true,True,False,Q1_low,Which cancer is the BCG vaccine used for?,Urothelial cancer,Non-muscle Invasive Bladder Cancer,non muscle invasive bladder cancer,incorrect,incorrect,judge_side_label_error,Response is too broad; benchmark asks for non-muscle-invasive bladder cancer specifically.
58a2c77a60087bc10a000002,FP_random_sample,FP,FP_alias_false,166,75,2.2133333333333334,0.5117794442666038,1,0,true,True,False,Q1_low,What is the role of gamma-secreatase complex in Alzheimer's Disease?,"Dysregulation of the gamma-secretase complex contributes to amyloid-beta plaque formation, a hallmark of Alzheimer’s disease.",cleaves a precursor protein to create the amyloid beta peptide,cleaves precursor protein to create amyloid beta peptide,correct,acceptable_paraphrase,detector_verbosity_bias,Semantically faithful but broader or more paraphrastic than the alias string.
52f509512059c6d71c000020,FP_random_sample,FP,FP_alias_false,166,75,2.2133333333333334,0.5089682205923026,1,0,true,True,False,Q1_low,What is the mode of inheritance of short QT syndrome?,Autosomal dominant,autosomal dominant mode of inheritance,autosomal dominant mode of inheritance,correct,exact_alias,detector_false_positive,Direct inheritance answer.
5e48edb1f8b2df0d49000002,FP_random_sample,FP,FP_alias_false,166,75,2.2133333333333334,0.5084885394612857,1,0,true,True,False,Q1_low,What particles is Hadron therapy using?,"Protons and heavier ions (carbon, oxygen, etc.)",Proton beams,proton beams,correct,acceptable_paraphrase,benchmark_alias_issue,Benchmark alias is too narrow; hadron therapy is not limited to protons.
6250787be764a5320400000e,FP_random_sample,FP,FP_alias_false,166,75,2.2133333333333334,0.506924035836603,1,0,true,True,False,Q1_low,What is the drug Aduhelm approved for?,Early Alzheimer’s disease.,treatment of Alzheimer's disease,treatment of alzheimer s disease,correct,acceptable_paraphrase,detector_verbosity_bias,Semantically faithful but broader or more paraphrastic than the alias string.
515db3d8298dcd4e51000015,FP_random_sample,FP,FP_alias_false,166,75,2.2133333333333334,0.5025860900154341,1,0,true,True,False,Q1_low,What is the average diameter of intermediate filaments?,10-100 nm,10 nanometers | 10 nm,10 nanometers | 10 nm,incorrect,incorrect,judge_side_label_error,Diameter range is too broad and inconsistent with the accepted ~10 nm value.
58cefcfb8acda34529000002,FP_random_sample,FP,FP_alias_false,166,75,2.2133333333333334,0.5010259134891997,1,0,true,True,False,Q1_low,What is  Achondroplasia?,Achondroplasia is a genetic disorder that causes dwarfism.,An autosomal dominant form of dwarfism,autosomal dominant form of dwarfism,correct,acceptable_paraphrase,detector_verbosity_bias,Semantically faithful but broader or more paraphrastic than the alias string.
51724fca8ed59a060a000013,FP_random_sample,FP,FP_alias_false,166,75,2.2133333333333334,0.5003148413830616,1,0,true,True,False,Q1_low,Which  is the execution time (complexity) of the Smith-Waterman algorithm for the alignment of two sequences,O(m*n),quadratic,quadratic,correct,exact_alias,detector_false_positive,Big-O form is the exact complexity class asked for.
6415b3b4690f196b51000009,FP_random_sample,FP,FP_alias_true,101,45,2.2444444444444445,0.8220273069267776,1,0,true,True,True,Q4_high,What color light does the the inhibitory receptor halorhodopsin (eNpHR) respond to?,Yellow-orange,yellow,yellow,correct,acceptable_paraphrase,detector_verbosity_bias,Color answer is faithful but slightly broader than the alias.
5506ce078e1671127b00000b,FP_random_sample,FP,FP_alias_true,101,45,2.2444444444444445,0.7593712002242061,1,0,true,True,True,Q4_high,"Which protein phosphatase has been found to interact with the heat shock protein, HSP20?",PP1,Protein phosphatase 1 | PP1,protein phosphatase 1 | pp1,correct,exact_alias,detector_false_positive,Directly correct answer; detector overcalled hallucination.
56c3184050c68dd416000003,FP_random_sample,FP,FP_alias_true,101,45,2.2444444444444445,0.7345055184152819,1,0,true,True,True,Q4_high,What is the indication for isradipine?,Hypertension,Hypertension,hypertension,correct,exact_alias,detector_false_positive,Directly correct answer; detector overcalled hallucination.
5e47681b35b8f0833c000006,FP_random_sample,FP,FP_alias_true,101,45,2.2444444444444445,0.7269809383994971,1,0,true,True,True,Q4_high,What is the target of Inebilizumab?,CD19,CD19,cd19,correct,exact_alias,detector_false_positive,Directly correct answer; detector overcalled hallucination.
5c5f29a81a4c55d80b00001f,FP_random_sample,FP,FP_alias_true,101,45,2.2444444444444445,0.7120383471137964,1,0,true,True,True,Q4_high,What is the indication for Truvada?,"Prevention of HIV infection in HIV-negative men and transgender women who have sex with HIV-positive men or women, and in HIV-negative people who inject drugs.",Prevention of HIV infection,prevention of hiv infection,correct,acceptable_paraphrase,detector_verbosity_bias,Correct indication with extra population detail.
5324bdba9b2d7acc7e00001a,FP_random_sample,FP,FP_alias_true,101,45,2.2444444444444445,0.6844482847112505,1,0,true,True,True,Q4_high,How is bladder wall thickness measured?,Ultrasound.,Ultrasound,ultrasound,correct,exact_alias,detector_false_positive,Directly correct answer; detector overcalled hallucination.
5ac725250340b9f058000006,FP_random_sample,FP,FP_alias_true,101,45,2.2444444444444445,0.6769563646450627,1,0,true,True,True,Q4_high,Which miRNA is associated with the circular RNA ciRS-7?,miR-7,miR-7,mir 7,correct,exact_alias,detector_false_positive,Directly correct answer; detector overcalled hallucination.
64179113690f196b5100002e,FP_random_sample,FP,FP_alias_true,101,45,2.2444444444444445,0.6724019820398107,1,0,true,True,True,Q4_high,Where is the DMD gene located?,"X chromosome, Xp21.22",Xp21 chromosome locus | X-linked recessive disorders caused by mutations of the DMD gene located at Xp21 | X chromosome (Xp21),xp21 chromosome locus | x linked recessive disorders caused by mutations of dmd gene located at xp21 | x chromosome xp21,correct,acceptable_paraphrase,detector_verbosity_bias,Faithful location answer with a slightly more specific cytogenetic coordinate.
65d36e761930410b13000044,FP_random_sample,FP,FP_alias_true,101,45,2.2444444444444445,0.6561630603853513,1,0,true,True,True,Q4_high,What is the use of lebrikizumab?,To treat moderate to severe plaque psoriasis and atopic dermatitis.,atopic dermatitis,atopic dermatitis,incorrect,incorrect,judge_side_label_error,"Adds plaque psoriasis, which is not the accepted indication here."
5343bdd6aeec6fbd07000001,FP_random_sample,FP,FP_alias_true,101,45,2.2444444444444445,0.6549741685073628,1,0,true,True,True,Q4_high,Which is the phosphorylated residue in the promoter paused form of RNA polymerase II?,Serine 5 (S5),Serine 5,serine 5,correct,exact_alias,detector_false_positive,Directly correct answer; detector overcalled hallucination.
621ebb733a8413c65300005c,FP_random_sample,FP,FP_alias_true,101,45,2.2444444444444445,0.6540941658696172,1,0,true,True,True,Q4_high,What is the indication for Favipiravir?,"Treatment of uncomplicated influenza, and potentially for COVID-19 in specific contexts.",Covid-19 | influenza,covid 19 | influenza,correct,acceptable_paraphrase,detector_verbosity_bias,Includes accepted indications with extra context.
61f7c883882a024a10000026,FP_random_sample,FP,FP_alias_true,101,45,2.2444444444444445,0.6494123494123892,1,0,true,True,True,Q3,What disease can be treated with Avacopan?,Anti-neutrophil cytoplasmic autoantibody associated vasculitis (ANCA-associated vasculitis),ANCA-associated vasculitis,anca associated vasculitis,correct,exact_alias,detector_false_positive,Directly correct answer; detector overcalled hallucination.
6020b5681cb411341a000088,FP_random_sample,FP,FP_alias_true,101,45,2.2444444444444445,0.6400901954030808,1,0,true,True,True,Q3,Which mutation is targeted by Tepotinib?,MET exon 14 skipping mutation,MET Exon 14 Skipping Mutation,met exon 14 skipping mutation,correct,exact_alias,detector_false_positive,Directly correct answer; detector overcalled hallucination.
5a7d51dafaa1ab7d2e000017,FP_random_sample,FP,FP_alias_true,101,45,2.2444444444444445,0.6340420462753451,1,0,true,True,True,Q3,What is the administration route of IVIG in Alzheimer's disease patients?,Intravenous (IV),Intravenous,intravenous,correct,exact_alias,detector_false_positive,Directly correct answer; detector overcalled hallucination.
6432f5f257b1c7a31500001c,FP_random_sample,FP,FP_alias_true,101,45,2.2444444444444445,0.6326203882973817,1,0,true,True,True,Q3,What does Zanubrutinib inhibit?,C-terminal Bruton tyrosine kinase (BTK),Bruton tyrosine kinase,bruton tyrosine kinase,correct,exact_alias,detector_false_positive,Directly correct answer; detector overcalled hallucination.
606ab57394d57fd87900004f,FP_random_sample,FP,FP_alias_true,101,45,2.2444444444444445,0.630605901249814,1,0,true,True,True,Q3,What is the effect of carbamazepine on CYP3A4?,Induces.,Induces | inducer | induction,induces | inducer | induction,correct,exact_alias,detector_false_positive,Directly correct answer; detector overcalled hallucination.
58cbb98c02b8c60953000034,FP_random_sample,FP,FP_alias_true,101,45,2.2444444444444445,0.6099758107481339,1,0,true,True,True,Q3,Which mutated enzyme is responsible for oculocutaneous 1 (OCA1)-type albinism?,TYR,tyrosinase | TYR,tyrosinase | tyr,correct,exact_alias,detector_false_positive,Directly correct answer; detector overcalled hallucination.
606b75c194d57fd87900006c,FP_random_sample,FP,FP_alias_true,101,45,2.2444444444444445,0.6093305217585562,1,0,true,True,True,Q3,When was dupilumab approved by EMA?,2017,2017,2017,correct,exact_alias,detector_false_positive,Directly correct answer; detector overcalled hallucination.
66165f2afdcbea915f000051,FP_random_sample,FP,FP_alias_true,101,45,2.2444444444444445,0.6079854853048737,1,0,true,True,True,Q3,When was the first case of human monkey pox diagnosed?,1970,1970,1970,correct,exact_alias,detector_false_positive,Directly correct answer; detector overcalled hallucination.
602598201cb411341a0000af,FP_random_sample,FP,FP_alias_true,101,45,2.2444444444444445,0.607266516780806,1,0,true,True,True,Q3,What does bDMARD stand for?,Biologic disease-modifying antirheumatic drugs,biologic disease-modifying antirheumatic drugs,biologic disease modifying antirheumatic drugs,correct,exact_alias,detector_false_positive,Directly correct answer; detector overcalled hallucination.
5d35e7ddb3a638076300000e,FP_random_sample,FP,FP_alias_true,101,45,2.2444444444444445,0.6029251381580625,1,0,true,True,True,Q3,In which cell organelle is the SAF-A protein localized?,Nucleus,the nucleus,nucleus,correct,exact_alias,detector_false_positive,Directly correct answer; detector overcalled hallucination.
56b7083376d8bf8d13000001,FP_random_sample,FP,FP_alias_true,101,45,2.2444444444444445,0.5983921236190186,1,0,true,True,True,Q3,"What is the causative agent of the ""Panama disease"" affecting bananas?",Fusarium oxysporum f. sp. cubense (Foc),Fusarium oxysporum f. sp. cubense,fusarium oxysporum f sp cubense,correct,exact_alias,detector_false_positive,Directly correct answer; detector overcalled hallucination.
65cf6ae91930410b13000007,FP_random_sample,FP,FP_alias_true,101,45,2.2444444444444445,0.5851349647556835,1,0,true,True,True,Q2,What disease is treated with Teplizumab?,Type 1 Diabetes,type 1 diabetes,type 1 diabetes,correct,exact_alias,detector_false_positive,Directly correct answer; detector overcalled hallucination.
58a32edd60087bc10a000012,FP_random_sample,FP,FP_alias_true,101,45,2.2444444444444445,0.5821880232457729,1,0,true,True,True,Q2,What is Contrave prescribed for?,Obesity and binge eating disorder.,Obesity,obesity,incorrect,incorrect,judge_side_label_error,"Adds binge eating disorder, which is not the accepted indication here."
51405cd123fec90375000005,FP_random_sample,FP,FP_alias_true,101,45,2.2444444444444445,0.576061506313232,1,0,true,True,True,Q2,Which is the defective protein causing the lysosomal storage disease Fabry?,alpha-Galactosidase A,alpha-galactosidase A,alpha galactosidase,correct,exact_alias,detector_false_positive,Directly correct answer; detector overcalled hallucination.
5ace37d50340b9f058000011,FP_random_sample,FP,FP_alias_true,101,45,2.2444444444444445,0.5744134825887398,1,0,true,True,True,Q2,Which is the main reason for the increase in the incidence of cryptococcal disease?,Weakened immune systems due to HIV.,HIV infection | HIV,hiv infection | hiv,correct,acceptable_paraphrase,detector_verbosity_bias,Correct cause with explanatory wording.
61f7ce26882a024a1000002d,FP_random_sample,FP,FP_alias_true,101,45,2.2444444444444445,0.564287464036617,1,0,true,True,True,Q2,Idecabtagene vicleucel can be used for treatment of which disease?,Relapsed or refractory multiple myeloma,Multiple Myeloma,multiple myeloma,correct,acceptable_paraphrase,detector_verbosity_bias,Correct disease with extra treatment-line detail.
513ce494bee46bd34c000009,FP_random_sample,FP,FP_alias_true,101,45,2.2444444444444445,0.5565229161234869,1,0,true,True,True,Q2,Which is the most common disease attributed to malfunction or absence of primary cilia?,Polycystic Kidney Disease (PKD),Polycystic kidney disease (PKD),polycystic kidney disease pkd,correct,exact_alias,detector_false_positive,Directly correct answer; detector overcalled hallucination.
660982eefdcbea915f000012,FP_random_sample,FP,FP_alias_true,101,45,2.2444444444444445,0.5490692599839254,1,0,true,True,True,Q2,Where would Odocoileus virginianus be found?,Eastern and Central North America,North America | USA | Canada | mexico,north america | usa | canada | mexico,correct,acceptable_paraphrase,detector_verbosity_bias,Correct geographic answer stated as a narrower subregion of the accepted range.
54e262daae9738404b000018,FP_random_sample,FP,FP_alias_true,101,45,2.2444444444444445,0.5441503408667229,1,0,true,True,True,Q2,Which cell type has the protein Chromogranin A as marker?,Neuroendocrine cells,neuroendocrine cells,neuroendocrine cells,correct,exact_alias,detector_false_positive,Directly correct answer; detector overcalled hallucination.
5c646fd3e842deac6700001a,FP_random_sample,FP,FP_alias_true,101,45,2.2444444444444445,0.5417700161442848,1,0,true,True,True,Q1_low,Which disease is gemtuzumab ozogamicin used for?,Acute myeloid leukemia (AML),Acute myeloid leukemia,acute myeloid leukemia,correct,exact_alias,detector_false_positive,Directly correct answer; detector overcalled hallucination.
640c842f201352f04a000025,FP_random_sample,FP,FP_alias_true,101,45,2.2444444444444445,0.5367149076617891,1,0,true,True,True,Q1_low,What is Palmar Erythema?,Redness of the palms of the hands and soles of the feet.,redness of the palms | liver palms,redness of palms | liver palms,incorrect,incorrect,judge_side_label_error,"Adds soles of the feet, which changes palmar erythema materially."
660c0486fdcbea915f00002d,FP_random_sample,FP,FP_alias_true,101,45,2.2444444444444445,0.5348780806348151,1,0,true,True,True,Q1_low,What is the cause of Brazilian spotted fever?,Rickettsia rickettsii bacteria.,Rickettsia rickettsii,rickettsia rickettsii,correct,exact_alias,detector_false_positive,Directly correct answer; detector overcalled hallucination.
6221209b3a8413c653000074,FP_random_sample,FP,FP_alias_true,101,45,2.2444444444444445,0.5307578737634873,1,0,true,True,True,Q1_low,Proteins in the karyopherin family (Kaps) are associated with what cellular process?,Nuclear transport,nuclear transport,nuclear transport,correct,exact_alias,detector_false_positive,Directly correct answer; detector overcalled hallucination.
52bf1d9e03868f1b06000010,FP_random_sample,FP,FP_alias_true,101,45,2.2444444444444445,0.5252323671228943,1,0,true,True,True,Q1_low,To the ligand of which receptors does Denosumab (Prolia) bind?,RANKL,RANKL,rankl,correct,exact_alias,detector_false_positive,Directly correct answer; detector overcalled hallucination.
5c5f1f371a4c55d80b00001a,FP_random_sample,FP,FP_alias_true,101,45,2.2444444444444445,0.5249490202406261,1,0,true,True,True,Q1_low,What is the normal function p53?,"Tumor suppressor, DNA damage response, apoptosis, cell cycle arrest.",tumor suppressor,tumor suppressor,correct,acceptable_paraphrase,detector_verbosity_bias,Correct core function plus extra tumor-suppressor detail.
5891b125621ea6ff7e00000e,FP_random_sample,FP,FP_alias_true,101,45,2.2444444444444445,0.5241943297321743,1,0,true,True,True,Q1_low,Which disease is treated with taliglucerase alfa?,Gaucher disease,Gaucher disease,gaucher disease,correct,exact_alias,detector_false_positive,Directly correct answer; detector overcalled hallucination.
5cd96f33a49efeb44c000004,FP_random_sample,FP,FP_alias_true,101,45,2.2444444444444445,0.5231488016195659,1,0,true,True,True,Q1_low,What is the mode of action of filgotinib?,Filgotinib is a selective JAK1 inhibitor.,JAK1 inhibitor,jak1 inhibitor,correct,exact_alias,detector_false_positive,Directly correct answer; detector overcalled hallucination.
56c1d857ef6e394741000033,FP_random_sample,FP,FP_alias_true,101,45,2.2444444444444445,0.5188609975142432,1,0,true,True,True,Q1_low,What enzyme is inhibied by Opicapone?,Catechol-O-methyltransferase (COMT),catechol-O-methyltransferase,catechol o methyltransferase,correct,exact_alias,detector_false_positive,Directly correct answer; detector overcalled hallucination.
5c51fb7a07ef653866000006,FP_random_sample,FP,FP_alias_true,101,45,2.2444444444444445,0.5142553686961642,1,0,true,True,True,Q1_low,Which deep learning algorithm has been developed for variant calling?,DeepVariant,DeepVariant,deepvariant,correct,exact_alias,detector_false_positive,Directly correct answer; detector overcalled hallucination.
56ed0ffe2ac5ed1459000008,FP_random_sample,FP,FP_alias_true,101,45,2.2444444444444445,0.5137626860828326,1,0,true,True,True,Q1_low,Which type of myeloma is ixazomib being evaluated for?,Refractory and relapsed multiple myeloma,Multiple myeloma,multiple myeloma,correct,acceptable_paraphrase,detector_verbosity_bias,Correct disease with extra relapsed/refractory detail.
62507602e764a5320400000d,FP_random_sample,FP,FP_alias_true,101,45,2.2444444444444445,0.5038794003289571,1,0,true,True,True,Q1_low,What does temsirolimus inhibit?,mTOR signaling pathway,mTOR,mtor,correct,exact_alias,detector_false_positive,Directly correct answer; detector overcalled hallucination.
5880e417713cbdfd3d000001,FP_random_sample,FP,FP_alias_true,101,45,2.2444444444444445,0.5019183605512639,1,0,true,True,True,Q1_low,Which disease is treated with ZMapp?,Ebola virus disease,Ebola virus disease | Ebola virus infection,ebola virus disease | ebola virus infection,correct,exact_alias,detector_false_positive,Directly correct answer; detector overcalled hallucination.
52c7275103868f1b0600001c,FP_random_sample,FP,FP_alias_true,101,45,2.2444444444444445,0.5013475614715833,1,0,true,True,True,Q1_low,What is the inheritance pattern of Apert syndrome?,Autosomal dominant,Autosomal dominant,autosomal dominant,correct,exact_alias,detector_false_positive,Directly correct answer; detector overcalled hallucination.
5708a845cf1c32585100000f,FP_random_sample,FP,FP_alias_true,101,45,2.2444444444444445,0.5005953865819449,1,0,true,True,True,Q1_low,Which signaling pathway is activating the dishevelled proteins?,Wnt signaling pathway,Wnt signaling,wnt signaling,correct,exact_alias,detector_false_positive,Directly correct answer; detector overcalled hallucination.
